heartrate,DPane,1,1
Glucose_levels,IKenn,2,2
calories_burned,CArre,3,3
steps,GNedd,4,4
heartrate,AQuee,5,5
Glucose_levels,TBeau,6,6
calories_burned,RNeub,7,7
steps,ATick,8,8
heartrate,DBick,9,9
Glucose_levels,RCroc,10,10
calories_burned,KLask,11,11
steps,SKett,12,12
heartrate,HJans,13,13
Glucose_levels,HArte,14,14
calories_burned,HLong,15,15
steps,NOver,16,16
heartrate,RClow,17,17
Glucose_levels,JMcma,18,18
calories_burned,SArnd,19,19
steps,EIsab,20,20
heartrate,JKubi,21,21
Glucose_levels,LShat,22,22
calories_burned,CMart,23,23
steps,CBran,24,24
heartrate,MMcea,25,25
Glucose_levels,LWrin,26,26
calories_burned,SRock,27,27
steps,DGles,28,28
heartrate,SCatl,29,29
Glucose_levels,TRose,30,30
calories_burned,CHose,31,31
steps,DSwop,32,32
heartrate,VJile,33,33
Glucose_levels,ROyol,34,34
calories_burned,SSuli,35,35
steps,BAlme,36,36
heartrate,LWord,37,37
Glucose_levels,JShel,38,38
calories_burned,CRisk,39,39
steps,MRode,40,40
heartrate,SBurr,41,41
Glucose_levels,LPang,42,42
calories_burned,VGisi,43,43
steps,PGoet,44,44
heartrate,DBall,45,45
Glucose_levels,AKroe,46,46
calories_burned,JDela,47,47
steps,EGave,48,48
heartrate,SKepp,49,49
Glucose_levels,JGing,50,50
