filename1.json,1,1
filename2.json,2,2
filename3.json,3,3
filename4.json,4,4
filename5.json,5,5
filename6.json,6,6
filename7.json,7,7
filename8.csv,8,8
filename9.json,9,9
filename10.json,10,10
filename11.json,11,11
filename12.txt,12,12
filename13.json,13,13
filename14.json,14,14
filename15.json,15,15
filename16.json,16,16
filename17.json,17,17
filename18.json,18,18
filename19.json,19,19
filename20.txt,20,20
filename21.json,21,21
filename22.json,22,22
filename23.json,23,23
filename24.json,24,24
filename25.csv,25,25
filename26.json,26,26
filename27.json,27,27
filename28.json,28,28
filename29.json,29,29
filename30.json,30,30
filename31.json,31,31
filename32.txt,32,32
filename33.json,33,33
filename34.json,34,34
filename35.json,35,35
filename36.json,36,36
filename37.json,37,37
filename38.csv,38,38
filename39.json,39,39
filename40.json,40,40
filename41.json,41,41
filename42.json,42,42
filename43.json,43,43
filename44.json,44,44
filename45.json,45,45
filename46.json,46,46
filename47.json,47,47
filename48.json,48,48
filename49.json,49,49
filename50.json,50,50
