Drusilla Panella  ,DPane,(292) 464-6453,DPane,Drusilla1@gmail.com,customer
Isadora Kenney  ,IKenn,(496) 390-4142,IKenn,Isadora2@gmail.com,customer
Cathy Arreola  ,CArre,(389) 650-8606,CArre,Cathy3@gmail.com,customer
Gillian Nedd  ,GNedd,(609) 456-3826,GNedd,Gillian4@gmail.com,customer
Alden Queener  ,AQuee,(873) 562-9564,AQuee,Alden5@gmail.com,customer
Tuyet Beaulieu  ,TBeau,(802) 943-7612,TBeau,Tuyet6@gmail.com,customer
Ricky Neuberger  ,RNeub,(208) 747-3566,RNeub,Ricky7@gmail.com,customer
Anjanette Ticknor  ,ATick,(940) 176-6842,ATick,Anjanette8@gmail.com,customer
Darron Bickham  ,DBick,(939) 837-9702,DBick,Darron9@gmail.com,customer
Reynalda Crocket  ,RCroc,(162) 331-9884,RCroc,Reynalda10@gmail.com,customer
Khalilah Laskey  ,KLask,(691) 200-8496,KLask,Khalilah11@gmail.com,customer
Sharmaine Kettner  ,SKett,(479) 561-5661,SKett,Sharmaine12@gmail.com,customer
Halley Jansky  ,HJans,(549) 639-7829,HJans,Halley13@gmail.com,customer
Hillary Arteaga  ,HArte,(309) 978-6875,HArte,Hillary14@gmail.com,customer
Henry Longerbeam  ,HLong,(543) 586-1414,HLong,Henry15@gmail.com,customer
Necole Overcash  ,NOver,(762) 590-6931,NOver,Necole16@gmail.com,customer
Rosenda Clow  ,RClow,(114) 562-9682,RClow,Rosenda17@gmail.com,customer
Josefina Mcmaster  ,JMcma,(910) 429-9494,JMcma,Josefina18@gmail.com,customer
Shella Arndt  ,SArnd,(631) 132-3491,SArnd,Shella19@gmail.com,customer
Emmaline Isabel  ,EIsab,(878) 638-1861,EIsab,Emmaline20@gmail.com,customer
Julianna Kubik  ,JKubi,(752) 390-6248,JKubi,Julianna21@gmail.com,customer
Loni Shatley  ,LShat,(626) 833-9062,LShat,Loni22@gmail.com,customer
Chandra Martina  ,CMart,(646) 281-3500,CMart,Chandra23@gmail.com,customer
Calista Branning  ,CBran,(406) 421-8234,CBran,Calista24@gmail.com,customer
Melani Mceachin  ,MMcea,(872) 470-1936,MMcea,Melani25@gmail.com,admin
Lucile Wrinkle  ,LWrin,(234) 296-5423,LWrin,Lucile26@gmail.com,customer
Signe Rockwell  ,SRock,(124) 528-2019,SRock,Signe27@gmail.com,customer
Delores Glessner  ,DGles,(160) 557-4152,DGles,Delores28@gmail.com,customer
Sherley Catlin  ,SCatl,(323) 391-4536,SCatl,Sherley29@gmail.com,customer
Toshia Rosenau  ,TRose,(678) 174-5285,TRose,Toshia30@gmail.com,customer
Cordie Hosein  ,CHose,(355) 178-9929,CHose,Cordie31@gmail.com,customer
Dorotha Swopes  ,DSwop,(215) 244-7274,DSwop,Dorotha32@gmail.com,customer
Virgie Jiles  ,VJile,(171) 185-5141,VJile,Virgie33@gmail.com,customer
Reta Oyola  ,ROyol,(112) 418-1579,ROyol,Reta34@gmail.com,customer
Sharilyn Sulik  ,SSuli,(710) 927-5904,SSuli,Sharilyn35@gmail.com,customer
Bernadine Almeida  ,BAlme,(257) 712-4431,BAlme,Bernadine36@gmail.com,customer
Louise Wordlaw  ,LWord,(574) 917-4182,LWord,Louise37@gmail.com,customer
Jazmine Shell  ,JShel,(413) 761-3076,JShel,Jazmine38@gmail.com,customer
Corrina Risk  ,CRisk,(408) 475-8523,CRisk,Corrina39@gmail.com,customer
Miquel Rodenberg  ,MRode,(336) 763-0332,MRode,Miquel40@gmail.com,customer
Selma Burrows  ,SBurr,(986) 669-7983,SBurr,Selma41@gmail.com,customer
Loriann Pangborn  ,LPang,(986) 593-2306,LPang,Loriann42@gmail.com,customer
Velia Gisi  ,VGisi,(309) 151-2400,VGisi,Velia43@gmail.com,customer
Patrica Goetzinger  ,PGoet,(525) 346-6711,PGoet,Patrica44@gmail.com,customer
Deidre Ballerini  ,DBall,(369) 329-6815,DBall,Deidre45@gmail.com,customer
Albertine Kroeger  ,AKroe,(606) 632-0647,AKroe,Albertine46@gmail.com,customer
Johanna Delariva  ,JDela,(847) 663-9186,JDela,Johanna47@gmail.com,customer
Elvira Gaver  ,EGave,(801) 211-2524,EGave,Elvira48@gmail.com,customer
Sal Keppler  ,SKepp,(863) 447-4752,SKepp,Sal49@gmail.com,customer
Jc Gingrich  ,JGing,(261) 865-4724,JGing,Jc50@gmail.com,admin
